{
  "step": [
    1,
    200,
    400,
    600,
    800,
    1000,
    1200,
    1400,
    1600,
    1800,
    2000,
    2200,
    2394
  ],
  "train_loss": [
    3.458835780620575,
    2.920582115650177,
    3.024527132511139,
    2.884178876876831,
    2.748077094554901,
    2.747673749923706,
    2.6657872200012207,
    2.602794885635376,
    2.613066554069519,
    2.6302502751350403,
    2.726642608642578,
    2.468560814857483,
    2.4966740012168884
  ],
  "val_loss": [
    3.2594135840733847,
    3.0729084571202594,
    2.9054181893666584,
    2.8486526807149253,
    2.7643795649210614,
    2.6874619007110594,
    2.7528817415237428,
    2.6595075686772662,
    2.6621448278427122,
    2.6568068265914917,
    2.649918286005656,
    2.646990442276001,
    2.5881729046503703
  ]
}